Workbook

Sheet 井坂事務所
A1: 支払日 | B1: 請求額（税抜き） | C1: 消費税額 | D1: 請求額（税込み） | E1: 源泉徴収額 | F1: 振込額 | G1: 銀行通帳の振込額
A2: 46053 | B2: 1080400 | C2: =B2*0.1 -> 108040 | D2: =B2+C2 -> 1188440 | E2: =IF(D2<=1000000,ROUNDDOWN(D2*0.1021,0),ROUNDDOWN(1000000*0.1021+(D2-1000000)*0.2042,0)) -> 140579 | F2: =D2-E2 -> 1047861 | G2: 1047861
A3: 46081 | B3: 1199709 | C3: =B3*0.1 -> 119970.9 | D3: =B3+C3 -> 1319679.9 | E3: =IF(D3<=1000000,ROUNDDOWN(D3*0.1021,0),ROUNDDOWN(1000000*0.1021+(D3-1000000)*0.2042,0)) -> 167378 | F3: =D3-E3 -> 1152301.9 | G3: 1152302
A4: 46112 | B4: 2022800 | C4: =B4*0.1 -> 202280 | D4: =B4+C4 -> 2225080 | E4: =IF(D4<=1000000,ROUNDDOWN(D4*0.1021,0),ROUNDDOWN(1000000*0.1021+(D4-1000000)*0.2042,0)) -> 352261 | F4: =D4-E4 -> 1872819 | G4: 1872819
A5: 46142 | B5: 2015200 | C5: =B5*0.1 -> 201520 | D5: =B5+C5 -> 2216720 | E5: =IF(D5<=1000000,ROUNDDOWN(D5*0.1021,0),ROUNDDOWN(1000000*0.1021+(D5-1000000)*0.2042,0)) -> 350554 | F5: =D5-E5 -> 1866166 | G5: 1866166
A6: 46173 | B6: 2087000 | C6: =B6*0.1 -> 208700 | D6: =B6+C6 -> 2295700 | E6: =IF(D6<=1000000,ROUNDDOWN(D6*0.1021,0),ROUNDDOWN(1000000*0.1021+(D6-1000000)*0.2042,0)) -> 366681 | F6: =D6-E6 -> 1929019 | G6: 1929019
A7: 46203 | B7: 2087200 | C7: =B7*0.1 -> 208720 | D7: =B7+C7 -> 2295920 | E7: =IF(D7<=1000000,ROUNDDOWN(D7*0.1021,0),ROUNDDOWN(1000000*0.1021+(D7-1000000)*0.2042,0)) -> 366726 | F7: =D7-E7 -> 1929194 | G7: 1929194
A8: 46234 | B8: 2233600 | C8: =B8*0.1 -> 223360 | D8: =B8+C8 -> 2456960 | E8: =IF(D8<=1000000,ROUNDDOWN(D8*0.1021,0),ROUNDDOWN(1000000*0.1021+(D8-1000000)*0.2042,0)) -> 399611 | F8: =D8-E8 -> 2057349 | G8: 2057349
A9: 46265 | B9: 374400 | C9: =B9*0.1 -> 37440 | D9: =B9+C9 -> 411840 | E9: =IF(D9<=1000000,ROUNDDOWN(D9*0.1021,0),ROUNDDOWN(1000000*0.1021+(D9-1000000)*0.2042,0)) -> 42048 | F9: =D9-E9 -> 369792
A10: 46295 | C10: =B10*0.1 -> 0 | D10: =B10+C10 -> 0 | E10: =IF(D10<=1000000,ROUNDDOWN(D10*0.1021,0),ROUNDDOWN(1000000*0.1021+(D10-1000000)*0.2042,0)) -> 0 | F10: =D10-E10 -> 0
A11: 46326 | C11: =B11*0.1 -> 0 | D11: =B11+C11 -> 0 | E11: =IF(D11<=1000000,ROUNDDOWN(D11*0.1021,0),ROUNDDOWN(1000000*0.1021+(D11-1000000)*0.2042,0)) -> 0 | F11: =D11-E11 -> 0
A12: 46356 | C12: =B12*0.1 -> 0 | D12: =B12+C12 -> 0 | E12: =IF(D12<=1000000,ROUNDDOWN(D12*0.1021,0),ROUNDDOWN(1000000*0.1021+(D12-1000000)*0.2042,0)) -> 0 | F12: =D12-E12 -> 0
A13: 46387 | C13: =B13*0.1 -> 0 | D13: =B13+C13 -> 0 | E13: =IF(D13<=1000000,ROUNDDOWN(D13*0.1021,0),ROUNDDOWN(1000000*0.1021+(D13-1000000)*0.2042,0)) -> 0 | F13: =D13-E13 -> 0
A14: 46418 | C14: =B14*0.1 -> 0 | D14: =B14+C14 -> 0 | E14: =IF(D14<=1000000,ROUNDDOWN(D14*0.1021,0),ROUNDDOWN(1000000*0.1021+(D14-1000000)*0.2042,0)) -> 0 | F14: =D14-E14 -> 0
A15: 46446 | C15: =B15*0.1 -> 0 | D15: =B15+C15 -> 0 | E15: =IF(D15<=1000000,ROUNDDOWN(D15*0.1021,0),ROUNDDOWN(1000000*0.1021+(D15-1000000)*0.2042,0)) -> 0 | F15: =D15-E15 -> 0
A16: 46477 | C16: =B16*0.1 -> 0 | D16: =B16+C16 -> 0 | E16: =IF(D16<=1000000,ROUNDDOWN(D16*0.1021,0),ROUNDDOWN(1000000*0.1021+(D16-1000000)*0.2042,0)) -> 0 | F16: =D16-E16 -> 0
A17: 46507 | C17: =B17*0.1 -> 0 | D17: =B17+C17 -> 0 | E17: =IF(D17<=1000000,ROUNDDOWN(D17*0.1021,0),ROUNDDOWN(1000000*0.1021+(D17-1000000)*0.2042,0)) -> 0 | F17: =D17-E17 -> 0
A18: 46538 | C18: =B18*0.1 -> 0 | D18: =B18+C18 -> 0 | E18: =IF(D18<=1000000,ROUNDDOWN(D18*0.1021,0),ROUNDDOWN(1000000*0.1021+(D18-1000000)*0.2042,0)) -> 0 | F18: =D18-E18 -> 0
A19: 46568 | C19: =B19*0.1 -> 0 | D19: =B19+C19 -> 0 | E19: =IF(D19<=1000000,ROUNDDOWN(D19*0.1021,0),ROUNDDOWN(1000000*0.1021+(D19-1000000)*0.2042,0)) -> 0 | F19: =D19-E19 -> 0
A20: 46599 | C20: =B20*0.1 -> 0 | D20: =B20+C20 -> 0 | E20: =IF(D20<=1000000,ROUNDDOWN(D20*0.1021,0),ROUNDDOWN(1000000*0.1021+(D20-1000000)*0.2042,0)) -> 0 | F20: =D20-E20 -> 0
A21: 46630 | C21: =B21*0.1 -> 0 | D21: =B21+C21 -> 0 | E21: =IF(D21<=1000000,ROUNDDOWN(D21*0.1021,0),ROUNDDOWN(1000000*0.1021+(D21-1000000)*0.2042,0)) -> 0 | F21: =D21-E21 -> 0
... A37: 47118 | C37: =B37*0.1 -> 0 | D37: =B37+C37 -> 0 | E37: =IF(D37<=1000000,ROUNDDOWN(D37*0.1021,0),ROUNDDOWN(1000000*0.1021+(D37-1000000)*0.2042,0)) -> 0 | F37: =D37-E37 -> 0

Sheet 岡崎事務所
A1: 支払日 | B1: 請求額（税抜き） | C1: 消費税額 | D1: 請求額（税込み） | E1: 源泉徴収額 | F1: 振込額
A2: 46053 | C2: =B2*0.1 -> 0 | D2: =B2+C2 -> 0 | E2: =IF(D2<=1000000,ROUNDDOWN(D2*0.1021,0),ROUNDDOWN(1000000*0.1021+(D2-1000000)*0.2042,0)) -> 0 | F2: =D2-E2 -> 0
A3: 46081 | C3: =B3*0.1 -> 0 | D3: =B3+C3 -> 0 | E3: =IF(D3<=1000000,ROUNDDOWN(D3*0.1021,0),ROUNDDOWN(1000000*0.1021+(D3-1000000)*0.2042,0)) -> 0 | F3: =D3-E3 -> 0
A4: 46112 | B4: 1016320 | C4: =B4*0.1 -> 101632 | D4: =B4+C4 -> 1117952 | E4: =IF(D4<=1000000,ROUNDDOWN(D4*0.1021,0),ROUNDDOWN(1000000*0.1021+(D4-1000000)*0.2042,0)) -> 126185 | F4: =D4-E4 -> 991767
A5: 46142 | B5: 849560 | C5: =B5*0.1 -> 84956 | D5: =B5+C5 -> 934516 | E5: =IF(D5<=1000000,ROUNDDOWN(D5*0.1021,0),ROUNDDOWN(1000000*0.1021+(D5-1000000)*0.2042,0)) -> 95414 | F5: =D5-E5 -> 839102
A6: 46173 | B6: 784080 | C6: =B6*0.1 -> 78408 | D6: =B6+C6 -> 862488 | E6: =IF(D6<=1000000,ROUNDDOWN(D6*0.1021,0),ROUNDDOWN(1000000*0.1021+(D6-1000000)*0.2042,0)) -> 88060 | F6: =D6-E6 -> 774428
A7: 46203 | B7: 641280 | C7: =B7*0.1 -> 64128 | D7: =B7+C7 -> 705408 | E7: =IF(D7<=1000000,ROUNDDOWN(D7*0.1021,0),ROUNDDOWN(1000000*0.1021+(D7-1000000)*0.2042,0)) -> 72022 | F7: =D7-E7 -> 633386
A8: 46234 | B8: 1366480 | C8: =B8*0.1 -> 136648 | D8: =B8+C8 -> 1503128 | E8: =IF(D8<=1000000,ROUNDDOWN(D8*0.1021,0),ROUNDDOWN(1000000*0.1021+(D8-1000000)*0.2042,0)) -> 204838 | F8: =D8-E8 -> 1298290
A9: 46265 | B9: 0 | C9: =B9*0.1 -> 0 | D9: =B9+C9 -> 0 | E9: =IF(D9<=1000000,ROUNDDOWN(D9*0.1021,0),ROUNDDOWN(1000000*0.1021+(D9-1000000)*0.2042,0)) -> 0 | F9: =D9-E9 -> 0
A10: 46295 | C10: =B10*0.1 -> 0 | D10: =B10+C10 -> 0 | E10: =IF(D10<=1000000,ROUNDDOWN(D10*0.1021,0),ROUNDDOWN(1000000*0.1021+(D10-1000000)*0.2042,0)) -> 0 | F10: =D10-E10 -> 0
A11: 46326 | C11: =B11*0.1 -> 0 | D11: =B11+C11 -> 0 | E11: =IF(D11<=1000000,ROUNDDOWN(D11*0.1021,0),ROUNDDOWN(1000000*0.1021+(D11-1000000)*0.2042,0)) -> 0 | F11: =D11-E11 -> 0
A12: 46356 | C12: =B12*0.1 -> 0 | D12: =B12+C12 -> 0 | E12: =IF(D12<=1000000,ROUNDDOWN(D12*0.1021,0),ROUNDDOWN(1000000*0.1021+(D12-1000000)*0.2042,0)) -> 0 | F12: =D12-E12 -> 0
A13: 46387 | C13: =B13*0.1 -> 0 | D13: =B13+C13 -> 0 | E13: =IF(D13<=1000000,ROUNDDOWN(D13*0.1021,0),ROUNDDOWN(1000000*0.1021+(D13-1000000)*0.2042,0)) -> 0 | F13: =D13-E13 -> 0
A14: 46418 | C14: =B14*0.1 -> 0 | D14: =B14+C14 -> 0 | E14: =IF(D14<=1000000,ROUNDDOWN(D14*0.1021,0),ROUNDDOWN(1000000*0.1021+(D14-1000000)*0.2042,0)) -> 0 | F14: =D14-E14 -> 0
A15: 46446 | C15: =B15*0.1 -> 0 | D15: =B15+C15 -> 0 | E15: =IF(D15<=1000000,ROUNDDOWN(D15*0.1021,0),ROUNDDOWN(1000000*0.1021+(D15-1000000)*0.2042,0)) -> 0 | F15: =D15-E15 -> 0
A16: 46477 | C16: =B16*0.1 -> 0 | D16: =B16+C16 -> 0 | E16: =IF(D16<=1000000,ROUNDDOWN(D16*0.1021,0),ROUNDDOWN(1000000*0.1021+(D16-1000000)*0.2042,0)) -> 0 | F16: =D16-E16 -> 0
A17: 46507 | C17: =B17*0.1 -> 0 | D17: =B17+C17 -> 0 | E17: =IF(D17<=1000000,ROUNDDOWN(D17*0.1021,0),ROUNDDOWN(1000000*0.1021+(D17-1000000)*0.2042,0)) -> 0 | F17: =D17-E17 -> 0
A18: 46538 | C18: =B18*0.1 -> 0 | D18: =B18+C18 -> 0 | E18: =IF(D18<=1000000,ROUNDDOWN(D18*0.1021,0),ROUNDDOWN(1000000*0.1021+(D18-1000000)*0.2042,0)) -> 0 | F18: =D18-E18 -> 0
A19: 46568 | C19: =B19*0.1 -> 0 | D19: =B19+C19 -> 0 | E19: =IF(D19<=1000000,ROUNDDOWN(D19*0.1021,0),ROUNDDOWN(1000000*0.1021+(D19-1000000)*0.2042,0)) -> 0 | F19: =D19-E19 -> 0
A20: 46599 | C20: =B20*0.1 -> 0 | D20: =B20+C20 -> 0 | E20: =IF(D20<=1000000,ROUNDDOWN(D20*0.1021,0),ROUNDDOWN(1000000*0.1021+(D20-1000000)*0.2042,0)) -> 0 | F20: =D20-E20 -> 0
A21: 46630 | C21: =B21*0.1 -> 0 | D21: =B21+C21 -> 0 | E21: =IF(D21<=1000000,ROUNDDOWN(D21*0.1021,0),ROUNDDOWN(1000000*0.1021+(D21-1000000)*0.2042,0)) -> 0 | F21: =D21-E21 -> 0
... A37: 47118 | C37: =B37*0.1 -> 0 | D37: =B37+C37 -> 0 | E37: =IF(D37<=1000000,ROUNDDOWN(D37*0.1021,0),ROUNDDOWN(1000000*0.1021+(D37-1000000)*0.2042,0)) -> 0 | F37: =D37-E37 -> 0

Sheet 綾測
A1: 支払日 | B1: 請求額（税抜き） | C1: 消費税額 | D1: 請求額（税込み） | E1: 源泉徴収額 | F1: 振込額
A2: 46053 | B2: 708360 | C2: =B2*0.1 -> 70836 | D2: =B2+C2 -> 779196 | E2: =IF(B2<=1000000,ROUNDUP(B2*0.1021,0),ROUNDUP(1000000*0.1021+(B2-1000000)*0.2042,0)) -> 72324 | F2: =D2-E2 -> 706872
A3: 46081 | B3: 743130 | C3: =B3*0.1 -> 74313 | D3: =B3+C3 -> 817443 | E3: =IF(B3<=1000000,ROUNDUP(B3*0.1021,0),ROUNDUP(1000000*0.1021+(B3-1000000)*0.2042,0)) -> 75874 | F3: =D3-E3 -> 741569
A4: 46112 | B4: 745570 | C4: =B4*0.1 -> 74557 | D4: =B4+C4 -> 820127 | E4: =IF(B4<=1000000,ROUNDUP(B4*0.1021,0),ROUNDUP(1000000*0.1021+(B4-1000000)*0.2042,0)) -> 76123 | F4: =D4-E4 -> 744004
A5: 46142 | B5: 776140 | C5: =B5*0.1 -> 77614 | D5: =B5+C5 -> 853754 | E5: =IF(B5<=1000000,ROUNDUP(B5*0.1021,0),ROUNDUP(1000000*0.1021+(B5-1000000)*0.2042,0)) -> 79244 | F5: =D5-E5 -> 774510
A6: 46173 | B6: 789430 | C6: =B6*0.1 -> 78943 | D6: =B6+C6 -> 868373 | E6: =IF(B6<=1000000,ROUNDUP(B6*0.1021,0),ROUNDUP(1000000*0.1021+(B6-1000000)*0.2042,0)) -> 80601 | F6: =D6-E6 -> 787772
A7: 46203 | B7: 872280 | C7: =B7*0.1 -> 87228 | D7: =B7+C7 -> 959508 | E7: =IF(B7<=1000000,ROUNDUP(B7*0.1021,0),ROUNDUP(1000000*0.1021+(B7-1000000)*0.2042,0)) -> 89060 | F7: =D7-E7 -> 870448
A8: 46234 | B8: 766160 | C8: =B8*0.1 -> 76616 | D8: =B8+C8 -> 842776 | E8: =IF(B8<=1000000,ROUNDUP(B8*0.1021,0),ROUNDUP(1000000*0.1021+(B8-1000000)*0.2042,0)) -> 78225 | F8: =D8-E8 -> 764551
A9: 46265 | B9: 703228 | C9: =B9*0.1 -> 70322.8 | D9: =B9+C9 -> 773550.8 | E9: =IF(B9<=1000000,ROUNDUP(B9*0.1021,0),ROUNDUP(1000000*0.1021+(B9-1000000)*0.2042,0)) -> 71800 | F9: =D9-E9 -> 701750.8
A10: 46295 | C10: =B10*0.1 -> 0 | D10: =B10+C10 -> 0 | E10: =IF(B10<=1000000,ROUNDUP(B10*0.1021,0),ROUNDUP(1000000*0.1021+(B10-1000000)*0.2042,0)) -> 0 | F10: =D10-E10 -> 0
A11: 46326 | C11: =B11*0.1 -> 0 | D11: =B11+C11 -> 0 | E11: =IF(B11<=1000000,ROUNDUP(B11*0.1021,0),ROUNDUP(1000000*0.1021+(B11-1000000)*0.2042,0)) -> 0 | F11: =D11-E11 -> 0
A12: 46356 | C12: =B12*0.1 -> 0 | D12: =B12+C12 -> 0 | E12: =IF(B12<=1000000,ROUNDUP(B12*0.1021,0),ROUNDUP(1000000*0.1021+(B12-1000000)*0.2042,0)) -> 0 | F12: =D12-E12 -> 0
A13: 46387 | C13: =B13*0.1 -> 0 | D13: =B13+C13 -> 0 | E13: =IF(B13<=1000000,ROUNDUP(B13*0.1021,0),ROUNDUP(1000000*0.1021+(B13-1000000)*0.2042,0)) -> 0 | F13: =D13-E13 -> 0
A14: 46418 | C14: =B14*0.1 -> 0 | D14: =B14+C14 -> 0 | E14: =IF(B14<=1000000,ROUNDUP(B14*0.1021,0),ROUNDUP(1000000*0.1021+(B14-1000000)*0.2042,0)) -> 0 | F14: =D14-E14 -> 0
A15: 46446 | C15: =B15*0.1 -> 0 | D15: =B15+C15 -> 0 | E15: =IF(B15<=1000000,ROUNDUP(B15*0.1021,0),ROUNDUP(1000000*0.1021+(B15-1000000)*0.2042,0)) -> 0 | F15: =D15-E15 -> 0
A16: 46477 | C16: =B16*0.1 -> 0 | D16: =B16+C16 -> 0 | E16: =IF(B16<=1000000,ROUNDUP(B16*0.1021,0),ROUNDUP(1000000*0.1021+(B16-1000000)*0.2042,0)) -> 0 | F16: =D16-E16 -> 0
A17: 46507 | C17: =B17*0.1 -> 0 | D17: =B17+C17 -> 0 | E17: =IF(B17<=1000000,ROUNDUP(B17*0.1021,0),ROUNDUP(1000000*0.1021+(B17-1000000)*0.2042,0)) -> 0 | F17: =D17-E17 -> 0
A18: 46538 | C18: =B18*0.1 -> 0 | D18: =B18+C18 -> 0 | E18: =IF(B18<=1000000,ROUNDUP(B18*0.1021,0),ROUNDUP(1000000*0.1021+(B18-1000000)*0.2042,0)) -> 0 | F18: =D18-E18 -> 0
A19: 46568 | C19: =B19*0.1 -> 0 | D19: =B19+C19 -> 0 | E19: =IF(B19<=1000000,ROUNDUP(B19*0.1021,0),ROUNDUP(1000000*0.1021+(B19-1000000)*0.2042,0)) -> 0 | F19: =D19-E19 -> 0
A20: 46599 | C20: =B20*0.1 -> 0 | D20: =B20+C20 -> 0 | E20: =IF(B20<=1000000,ROUNDUP(B20*0.1021,0),ROUNDUP(1000000*0.1021+(B20-1000000)*0.2042,0)) -> 0 | F20: =D20-E20 -> 0
A21: 46630 | C21: =B21*0.1 -> 0 | D21: =B21+C21 -> 0 | E21: =IF(B21<=1000000,ROUNDUP(B21*0.1021,0),ROUNDUP(1000000*0.1021+(B21-1000000)*0.2042,0)) -> 0 | F21: =D21-E21 -> 0
... A37: 47118 | C37: =B37*0.1 -> 0 | D37: =B37+C37 -> 0 | E37: =IF(B37<=1000000,ROUNDUP(B37*0.1021,0),ROUNDUP(1000000*0.1021+(B37-1000000)*0.2042,0)) -> 0 | F37: =D37-E37 -> 0

Sheet 合計
A1: 支払日 | B1: 請求額（税抜き） | C1: 消費税額 | D1: 請求額（税込み） | E1: 源泉徴収額 | F1: 振込額 | G1: 銀行通帳の振込額
A2: 46053 | B2: =井坂事務所!B2+岡崎事務所!B2+綾測!B2 -> 1788760 | C2: =井坂事務所!C2+岡崎事務所!C2+綾測!C2 -> 178876 | D2: =井坂事務所!D2+岡崎事務所!D2+綾測!D2 -> 1967636 | E2: =井坂事務所!E2+岡崎事務所!E2+綾測!E2 -> 212903 | F2: =井坂事務所!F2+岡崎事務所!F2+綾測!F2 -> 1754733 | G2: =井坂事務所!G2+岡崎事務所!G2+綾測!G2 -> 1047861
A3: 46081 | B3: =井坂事務所!B3+岡崎事務所!B3+綾測!B3 -> 1942839 | C3: =井坂事務所!C3+岡崎事務所!C3+綾測!C3 -> 194283.9 | D3: =井坂事務所!D3+岡崎事務所!D3+綾測!D3 -> 2137122.9 | E3: =井坂事務所!E3+岡崎事務所!E3+綾測!E3 -> 243252 | F3: =井坂事務所!F3+岡崎事務所!F3+綾測!F3 -> 1893870.9 | G3: =井坂事務所!G3+岡崎事務所!G3+綾測!G3 -> 1152302
A4: 46112 | B4: =井坂事務所!B4+岡崎事務所!B4+綾測!B4 -> 3784690 | C4: =井坂事務所!C4+岡崎事務所!C4+綾測!C4 -> 378469 | D4: =井坂事務所!D4+岡崎事務所!D4+綾測!D4 -> 4163159 | E4: =井坂事務所!E4+岡崎事務所!E4+綾測!E4 -> 554569 | F4: =井坂事務所!F4+岡崎事務所!F4+綾測!F4 -> 3608590 | G4: =井坂事務所!G4+岡崎事務所!G4+綾測!G4 -> 1872819
A5: 46142 | B5: =井坂事務所!B5+岡崎事務所!B5+綾測!B5 -> 3640900 | C5: =井坂事務所!C5+岡崎事務所!C5+綾測!C5 -> 364090 | D5: =井坂事務所!D5+岡崎事務所!D5+綾測!D5 -> 4004990 | E5: =井坂事務所!E5+岡崎事務所!E5+綾測!E5 -> 525212 | F5: =井坂事務所!F5+岡崎事務所!F5+綾測!F5 -> 3479778 | G5: =井坂事務所!G5+岡崎事務所!G5+綾測!G5 -> 1866166
A6: 46173 | B6: =井坂事務所!B6+岡崎事務所!B6+綾測!B6 -> 3660510 | C6: =井坂事務所!C6+岡崎事務所!C6+綾測!C6 -> 366051 | D6: =井坂事務所!D6+岡崎事務所!D6+綾測!D6 -> 4026561 | E6: =井坂事務所!E6+岡崎事務所!E6+綾測!E6 -> 535342 | F6: =井坂事務所!F6+岡崎事務所!F6+綾測!F6 -> 3491219 | G6: =井坂事務所!G6+岡崎事務所!G6+綾測!G6 -> 1929019
A7: 46203 | B7: =井坂事務所!B7+岡崎事務所!B7+綾測!B7 -> 3600760 | C7: =井坂事務所!C7+岡崎事務所!C7+綾測!C7 -> 360076 | D7: =井坂事務所!D7+岡崎事務所!D7+綾測!D7 -> 3960836 | E7: =井坂事務所!E7+岡崎事務所!E7+綾測!E7 -> 527808 | F7: =井坂事務所!F7+岡崎事務所!F7+綾測!F7 -> 3433028 | G7: =井坂事務所!G7+岡崎事務所!G7+綾測!G7 -> 1929194
A8: 46234 | B8: =井坂事務所!B8+岡崎事務所!B8+綾測!B8 -> 4366240 | C8: =井坂事務所!C8+岡崎事務所!C8+綾測!C8 -> 436624 | D8: =井坂事務所!D8+岡崎事務所!D8+綾測!D8 -> 4802864 | E8: =井坂事務所!E8+岡崎事務所!E8+綾測!E8 -> 682674 | F8: =井坂事務所!F8+岡崎事務所!F8+綾測!F8 -> 4120190 | G8: =井坂事務所!G8+岡崎事務所!G8+綾測!G8 -> 2057349 | I8: =4802864-682674 -> 4120190
A9: 46265 | B9: =井坂事務所!B9+岡崎事務所!B9+綾測!B9 -> 1077628 | C9: =井坂事務所!C9+岡崎事務所!C9+綾測!C9 -> 107762.8 | D9: =井坂事務所!D9+岡崎事務所!D9+綾測!D9 -> 1185390.8 | E9: =井坂事務所!E9+岡崎事務所!E9+綾測!E9 -> 113848 | F9: =井坂事務所!F9+岡崎事務所!F9+綾測!F9 -> 1071542.8 | G9: =井坂事務所!G9+岡崎事務所!G9+綾測!G9 -> 0
A10: 46295 | B10: =井坂事務所!B10+岡崎事務所!B10+綾測!B10 -> 0 | C10: =井坂事務所!C10+岡崎事務所!C10+綾測!C10 -> 0 | D10: =井坂事務所!D10+岡崎事務所!D10+綾測!D10 -> 0 | E10: =井坂事務所!E10+岡崎事務所!E10+綾測!E10 -> 0 | F10: =井坂事務所!F10+岡崎事務所!F10+綾測!F10 -> 0 | G10: =井坂事務所!G10+岡崎事務所!G10+綾測!G10 -> 0
A11: 46326 | B11: =井坂事務所!B11+岡崎事務所!B11+綾測!B11 -> 0 | C11: =井坂事務所!C11+岡崎事務所!C11+綾測!C11 -> 0 | D11: =井坂事務所!D11+岡崎事務所!D11+綾測!D11 -> 0 | E11: =井坂事務所!E11+岡崎事務所!E11+綾測!E11 -> 0 | F11: =井坂事務所!F11+岡崎事務所!F11+綾測!F11 -> 0 | G11: =井坂事務所!G11+岡崎事務所!G11+綾測!G11 -> 0
A12: 46356 | B12: =井坂事務所!B12+岡崎事務所!B12+綾測!B12 -> 0 | C12: =井坂事務所!C12+岡崎事務所!C12+綾測!C12 -> 0 | D12: =井坂事務所!D12+岡崎事務所!D12+綾測!D12 -> 0 | E12: =井坂事務所!E12+岡崎事務所!E12+綾測!E12 -> 0 | F12: =井坂事務所!F12+岡崎事務所!F12+綾測!F12 -> 0 | G12: =井坂事務所!G12+岡崎事務所!G12+綾測!G12 -> 0
A13: 46387 | B13: =井坂事務所!B13+岡崎事務所!B13+綾測!B13 -> 0 | C13: =井坂事務所!C13+岡崎事務所!C13+綾測!C13 -> 0 | D13: =井坂事務所!D13+岡崎事務所!D13+綾測!D13 -> 0 | E13: =井坂事務所!E13+岡崎事務所!E13+綾測!E13 -> 0 | F13: =井坂事務所!F13+岡崎事務所!F13+綾測!F13 -> 0 | G13: =井坂事務所!G13+岡崎事務所!G13+綾測!G13 -> 0
A14: 46418 | B14: =井坂事務所!B14+岡崎事務所!B14+綾測!B14 -> 0 | C14: =井坂事務所!C14+岡崎事務所!C14+綾測!C14 -> 0 | D14: =井坂事務所!D14+岡崎事務所!D14+綾測!D14 -> 0 | E14: =井坂事務所!E14+岡崎事務所!E14+綾測!E14 -> 0 | F14: =井坂事務所!F14+岡崎事務所!F14+綾測!F14 -> 0 | G14: =井坂事務所!G14+岡崎事務所!G14+綾測!G14 -> 0
A15: 46446 | B15: =井坂事務所!B15+岡崎事務所!B15+綾測!B15 -> 0 | C15: =井坂事務所!C15+岡崎事務所!C15+綾測!C15 -> 0 | D15: =井坂事務所!D15+岡崎事務所!D15+綾測!D15 -> 0 | E15: =井坂事務所!E15+岡崎事務所!E15+綾測!E15 -> 0 | F15: =井坂事務所!F15+岡崎事務所!F15+綾測!F15 -> 0 | G15: =井坂事務所!G15+岡崎事務所!G15+綾測!G15 -> 0
A16: 46477 | B16: =井坂事務所!B16+岡崎事務所!B16+綾測!B16 -> 0 | C16: =井坂事務所!C16+岡崎事務所!C16+綾測!C16 -> 0 | D16: =井坂事務所!D16+岡崎事務所!D16+綾測!D16 -> 0 | E16: =井坂事務所!E16+岡崎事務所!E16+綾測!E16 -> 0 | F16: =井坂事務所!F16+岡崎事務所!F16+綾測!F16 -> 0 | G16: =井坂事務所!G16+岡崎事務所!G16+綾測!G16 -> 0
A17: 46507 | B17: =井坂事務所!B17+岡崎事務所!B17+綾測!B17 -> 0 | C17: =井坂事務所!C17+岡崎事務所!C17+綾測!C17 -> 0 | D17: =井坂事務所!D17+岡崎事務所!D17+綾測!D17 -> 0 | E17: =井坂事務所!E17+岡崎事務所!E17+綾測!E17 -> 0 | F17: =井坂事務所!F17+岡崎事務所!F17+綾測!F17 -> 0 | G17: =井坂事務所!G17+岡崎事務所!G17+綾測!G17 -> 0
A18: 46538 | B18: =井坂事務所!B18+岡崎事務所!B18+綾測!B18 -> 0 | C18: =井坂事務所!C18+岡崎事務所!C18+綾測!C18 -> 0 | D18: =井坂事務所!D18+岡崎事務所!D18+綾測!D18 -> 0 | E18: =井坂事務所!E18+岡崎事務所!E18+綾測!E18 -> 0 | F18: =井坂事務所!F18+岡崎事務所!F18+綾測!F18 -> 0 | G18: =井坂事務所!G18+岡崎事務所!G18+綾測!G18 -> 0
A19: 46568 | B19: =井坂事務所!B19+岡崎事務所!B19+綾測!B19 -> 0 | C19: =井坂事務所!C19+岡崎事務所!C19+綾測!C19 -> 0 | D19: =井坂事務所!D19+岡崎事務所!D19+綾測!D19 -> 0 | E19: =井坂事務所!E19+岡崎事務所!E19+綾測!E19 -> 0 | F19: =井坂事務所!F19+岡崎事務所!F19+綾測!F19 -> 0 | G19: =井坂事務所!G19+岡崎事務所!G19+綾測!G19 -> 0
A20: 46599 | B20: =井坂事務所!B20+岡崎事務所!B20+綾測!B20 -> 0 | C20: =井坂事務所!C20+岡崎事務所!C20+綾測!C20 -> 0 | D20: =井坂事務所!D20+岡崎事務所!D20+綾測!D20 -> 0 | E20: =井坂事務所!E20+岡崎事務所!E20+綾測!E20 -> 0 | F20: =井坂事務所!F20+岡崎事務所!F20+綾測!F20 -> 0 | G20: =井坂事務所!G20+岡崎事務所!G20+綾測!G20 -> 0
... A37: 47118 | B37: =井坂事務所!B37+岡崎事務所!B37+綾測!B37 -> 0 | C37: =井坂事務所!C37+岡崎事務所!C37+綾測!C37 -> 0 | D37: =井坂事務所!D37+岡崎事務所!D37+綾測!D37 -> 0 | E37: =井坂事務所!E37+岡崎事務所!E37+綾測!E37 -> 0 | F37: =井坂事務所!F37+岡崎事務所!F37+綾測!F37 -> 0 | G37: =井坂事務所!G37+岡崎事務所!G37+綾測!G37 -> 0
