Workbook

Sheet 勘定科目
A1: 勘定科目 | B1: 202606 | C1: 202607 | D1: 202608 | E1: 202609 | F1: 202610 | G1: 202611 | H1: 202612 | I1: 202701 | J1: 202702 | K1: 202703 | L1: 202704 | M1: 202705 | N1: 年間合計
A2: 雑費 | B2: =SUMIF('202606'!$B:$B,$A2,'202606'!$D:$D) | C2: =SUMIF('202607'!$B:$B,$A2,'202607'!$D:$D) | D2: =SUMIF('202608'!$B:$B,$A2,'202608'!$D:$D) | E2: =SUMIF('202609'!$B:$B,$A2,'202609'!$D:$D) | F2: =SUMIF('202610'!$B:$B,$A2,'202610'!$D:$D) | G2: =SUMIF('202611'!$B:$B,$A2,'202611'!$D:$D) | H2: =SUMIF('202612'!$B:$B,$A2,'202612'!$D:$D) | I2: =SUMIF('202701'!$B:$B,$A2,'202701'!$D:$D) | J2: =SUMIF('202702'!$B:$B,$A2,'202702'!$D:$D) | K2: =SUMIF('202703'!$B:$B,$A2,'202703'!$D:$D) | L2: =SUMIF('202704'!$B:$B,$A2,'202704'!$D:$D) | M2: =SUMIF('202705'!$B:$B,$A2,'202705'!$D:$D) | N2: =SUM(B2:M2)
A3: リース料 | B3: =SUMIF('202606'!$B:$B,$A3,'202606'!$D:$D) | C3: =SUMIF('202607'!$B:$B,$A3,'202607'!$D:$D) | D3: =SUMIF('202608'!$B:$B,$A3,'202608'!$D:$D) | E3: =SUMIF('202609'!$B:$B,$A3,'202609'!$D:$D) | F3: =SUMIF('202610'!$B:$B,$A3,'202610'!$D:$D) | G3: =SUMIF('202611'!$B:$B,$A3,'202611'!$D:$D) | H3: =SUMIF('202612'!$B:$B,$A3,'202612'!$D:$D) | I3: =SUMIF('202701'!$B:$B,$A3,'202701'!$D:$D) | J3: =SUMIF('202702'!$B:$B,$A3,'202702'!$D:$D) | K3: =SUMIF('202703'!$B:$B,$A3,'202703'!$D:$D) | L3: =SUMIF('202704'!$B:$B,$A3,'202704'!$D:$D) | M3: =SUMIF('202705'!$B:$B,$A3,'202705'!$D:$D) | N3: =SUM(B3:M3)
A4: 賃借料 | B4: =SUMIF('202606'!$B:$B,$A4,'202606'!$D:$D) | C4: =SUMIF('202607'!$B:$B,$A4,'202607'!$D:$D) | D4: =SUMIF('202608'!$B:$B,$A4,'202608'!$D:$D) | E4: =SUMIF('202609'!$B:$B,$A4,'202609'!$D:$D) | F4: =SUMIF('202610'!$B:$B,$A4,'202610'!$D:$D) | G4: =SUMIF('202611'!$B:$B,$A4,'202611'!$D:$D) | H4: =SUMIF('202612'!$B:$B,$A4,'202612'!$D:$D) | I4: =SUMIF('202701'!$B:$B,$A4,'202701'!$D:$D) | J4: =SUMIF('202702'!$B:$B,$A4,'202702'!$D:$D) | K4: =SUMIF('202703'!$B:$B,$A4,'202703'!$D:$D) | L4: =SUMIF('202704'!$B:$B,$A4,'202704'!$D:$D) | M4: =SUMIF('202705'!$B:$B,$A4,'202705'!$D:$D) | N4: =SUM(B4:M4)
A5: 接待交際費 | B5: =SUMIF('202606'!$B:$B,$A5,'202606'!$D:$D) | C5: =SUMIF('202607'!$B:$B,$A5,'202607'!$D:$D) | D5: =SUMIF('202608'!$B:$B,$A5,'202608'!$D:$D) | E5: =SUMIF('202609'!$B:$B,$A5,'202609'!$D:$D) | F5: =SUMIF('202610'!$B:$B,$A5,'202610'!$D:$D) | G5: =SUMIF('202611'!$B:$B,$A5,'202611'!$D:$D) | H5: =SUMIF('202612'!$B:$B,$A5,'202612'!$D:$D) | I5: =SUMIF('202701'!$B:$B,$A5,'202701'!$D:$D) | J5: =SUMIF('202702'!$B:$B,$A5,'202702'!$D:$D) | K5: =SUMIF('202703'!$B:$B,$A5,'202703'!$D:$D) | L5: =SUMIF('202704'!$B:$B,$A5,'202704'!$D:$D) | M5: =SUMIF('202705'!$B:$B,$A5,'202705'!$D:$D) | N5: =SUM(B5:M5)
A6: 会議費 | B6: =SUMIF('202606'!$B:$B,$A6,'202606'!$D:$D) | C6: =SUMIF('202607'!$B:$B,$A6,'202607'!$D:$D) | D6: =SUMIF('202608'!$B:$B,$A6,'202608'!$D:$D) | E6: =SUMIF('202609'!$B:$B,$A6,'202609'!$D:$D) | F6: =SUMIF('202610'!$B:$B,$A6,'202610'!$D:$D) | G6: =SUMIF('202611'!$B:$B,$A6,'202611'!$D:$D) | H6: =SUMIF('202612'!$B:$B,$A6,'202612'!$D:$D) | I6: =SUMIF('202701'!$B:$B,$A6,'202701'!$D:$D) | J6: =SUMIF('202702'!$B:$B,$A6,'202702'!$D:$D) | K6: =SUMIF('202703'!$B:$B,$A6,'202703'!$D:$D) | L6: =SUMIF('202704'!$B:$B,$A6,'202704'!$D:$D) | M6: =SUMIF('202705'!$B:$B,$A6,'202705'!$D:$D) | N6: =SUM(B6:M6)
A7: 通信費 | B7: =SUMIF('202606'!$B:$B,$A7,'202606'!$D:$D) | C7: =SUMIF('202607'!$B:$B,$A7,'202607'!$D:$D) | D7: =SUMIF('202608'!$B:$B,$A7,'202608'!$D:$D) | E7: =SUMIF('202609'!$B:$B,$A7,'202609'!$D:$D) | F7: =SUMIF('202610'!$B:$B,$A7,'202610'!$D:$D) | G7: =SUMIF('202611'!$B:$B,$A7,'202611'!$D:$D) | H7: =SUMIF('202612'!$B:$B,$A7,'202612'!$D:$D) | I7: =SUMIF('202701'!$B:$B,$A7,'202701'!$D:$D) | J7: =SUMIF('202702'!$B:$B,$A7,'202702'!$D:$D) | K7: =SUMIF('202703'!$B:$B,$A7,'202703'!$D:$D) | L7: =SUMIF('202704'!$B:$B,$A7,'202704'!$D:$D) | M7: =SUMIF('202705'!$B:$B,$A7,'202705'!$D:$D) | N7: =SUM(B7:M7)
A8: 旅費交通費 | B8: =SUMIF('202606'!$B:$B,$A8,'202606'!$D:$D) | C8: =SUMIF('202607'!$B:$B,$A8,'202607'!$D:$D) | D8: =SUMIF('202608'!$B:$B,$A8,'202608'!$D:$D) | E8: =SUMIF('202609'!$B:$B,$A8,'202609'!$D:$D) | F8: =SUMIF('202610'!$B:$B,$A8,'202610'!$D:$D) | G8: =SUMIF('202611'!$B:$B,$A8,'202611'!$D:$D) | H8: =SUMIF('202612'!$B:$B,$A8,'202612'!$D:$D) | I8: =SUMIF('202701'!$B:$B,$A8,'202701'!$D:$D) | J8: =SUMIF('202702'!$B:$B,$A8,'202702'!$D:$D) | K8: =SUMIF('202703'!$B:$B,$A8,'202703'!$D:$D) | L8: =SUMIF('202704'!$B:$B,$A8,'202704'!$D:$D) | M8: =SUMIF('202705'!$B:$B,$A8,'202705'!$D:$D) | N8: =SUM(B8:M8)
A9: 消耗品費 | B9: =SUMIF('202606'!$B:$B,$A9,'202606'!$D:$D) | C9: =SUMIF('202607'!$B:$B,$A9,'202607'!$D:$D) | D9: =SUMIF('202608'!$B:$B,$A9,'202608'!$D:$D) | E9: =SUMIF('202609'!$B:$B,$A9,'202609'!$D:$D) | F9: =SUMIF('202610'!$B:$B,$A9,'202610'!$D:$D) | G9: =SUMIF('202611'!$B:$B,$A9,'202611'!$D:$D) | H9: =SUMIF('202612'!$B:$B,$A9,'202612'!$D:$D) | I9: =SUMIF('202701'!$B:$B,$A9,'202701'!$D:$D) | J9: =SUMIF('202702'!$B:$B,$A9,'202702'!$D:$D) | K9: =SUMIF('202703'!$B:$B,$A9,'202703'!$D:$D) | L9: =SUMIF('202704'!$B:$B,$A9,'202704'!$D:$D) | M9: =SUMIF('202705'!$B:$B,$A9,'202705'!$D:$D) | N9: =SUM(B9:M9)
A10: 租税公課 | B10: =SUMIF('202606'!$B:$B,$A10,'202606'!$D:$D) | C10: =SUMIF('202607'!$B:$B,$A10,'202607'!$D:$D) | D10: =SUMIF('202608'!$B:$B,$A10,'202608'!$D:$D) | E10: =SUMIF('202609'!$B:$B,$A10,'202609'!$D:$D) | F10: =SUMIF('202610'!$B:$B,$A10,'202610'!$D:$D) | G10: =SUMIF('202611'!$B:$B,$A10,'202611'!$D:$D) | H10: =SUMIF('202612'!$B:$B,$A10,'202612'!$D:$D) | I10: =SUMIF('202701'!$B:$B,$A10,'202701'!$D:$D) | J10: =SUMIF('202702'!$B:$B,$A10,'202702'!$D:$D) | K10: =SUMIF('202703'!$B:$B,$A10,'202703'!$D:$D) | L10: =SUMIF('202704'!$B:$B,$A10,'202704'!$D:$D) | M10: =SUMIF('202705'!$B:$B,$A10,'202705'!$D:$D) | N10: =SUM(B10:M10)
A11: 修繕費 | B11: =SUMIF('202606'!$B:$B,$A11,'202606'!$D:$D) | C11: =SUMIF('202607'!$B:$B,$A11,'202607'!$D:$D) | D11: =SUMIF('202608'!$B:$B,$A11,'202608'!$D:$D) | E11: =SUMIF('202609'!$B:$B,$A11,'202609'!$D:$D) | F11: =SUMIF('202610'!$B:$B,$A11,'202610'!$D:$D) | G11: =SUMIF('202611'!$B:$B,$A11,'202611'!$D:$D) | H11: =SUMIF('202612'!$B:$B,$A11,'202612'!$D:$D) | I11: =SUMIF('202701'!$B:$B,$A11,'202701'!$D:$D) | J11: =SUMIF('202702'!$B:$B,$A11,'202702'!$D:$D) | K11: =SUMIF('202703'!$B:$B,$A11,'202703'!$D:$D) | L11: =SUMIF('202704'!$B:$B,$A11,'202704'!$D:$D) | M11: =SUMIF('202705'!$B:$B,$A11,'202705'!$D:$D) | N11: =SUM(B11:M11)
A12: 水道光熱費 | B12: =SUMIF('202606'!$B:$B,$A12,'202606'!$D:$D) | C12: =SUMIF('202607'!$B:$B,$A12,'202607'!$D:$D) | D12: =SUMIF('202608'!$B:$B,$A12,'202608'!$D:$D) | E12: =SUMIF('202609'!$B:$B,$A12,'202609'!$D:$D) | F12: =SUMIF('202610'!$B:$B,$A12,'202610'!$D:$D) | G12: =SUMIF('202611'!$B:$B,$A12,'202611'!$D:$D) | H12: =SUMIF('202612'!$B:$B,$A12,'202612'!$D:$D) | I12: =SUMIF('202701'!$B:$B,$A12,'202701'!$D:$D) | J12: =SUMIF('202702'!$B:$B,$A12,'202702'!$D:$D) | K12: =SUMIF('202703'!$B:$B,$A12,'202703'!$D:$D) | L12: =SUMIF('202704'!$B:$B,$A12,'202704'!$D:$D) | M12: =SUMIF('202705'!$B:$B,$A12,'202705'!$D:$D) | N12: =SUM(B12:M12)
A13: 福利厚生費 | B13: =SUMIF('202606'!$B:$B,$A13,'202606'!$D:$D) | C13: =SUMIF('202607'!$B:$B,$A13,'202607'!$D:$D) | D13: =SUMIF('202608'!$B:$B,$A13,'202608'!$D:$D) | E13: =SUMIF('202609'!$B:$B,$A13,'202609'!$D:$D) | F13: =SUMIF('202610'!$B:$B,$A13,'202610'!$D:$D) | G13: =SUMIF('202611'!$B:$B,$A13,'202611'!$D:$D) | H13: =SUMIF('202612'!$B:$B,$A13,'202612'!$D:$D) | I13: =SUMIF('202701'!$B:$B,$A13,'202701'!$D:$D) | J13: =SUMIF('202702'!$B:$B,$A13,'202702'!$D:$D) | K13: =SUMIF('202703'!$B:$B,$A13,'202703'!$D:$D) | L13: =SUMIF('202704'!$B:$B,$A13,'202704'!$D:$D) | M13: =SUMIF('202705'!$B:$B,$A13,'202705'!$D:$D) | N13: =SUM(B13:M13)
... A18: 工具、器具及び備品 | B18: =SUMIF('202606'!$B:$B,$A18,'202606'!$D:$D) | C18: =SUMIF('202607'!$B:$B,$A18,'202607'!$D:$D) | D18: =SUMIF('202608'!$B:$B,$A18,'202608'!$D:$D) | E18: =SUMIF('202609'!$B:$B,$A18,'202609'!$D:$D) | F18: =SUMIF('202610'!$B:$B,$A18,'202610'!$D:$D) | G18: =SUMIF('202611'!$B:$B,$A18,'202611'!$D:$D) | H18: =SUMIF('202612'!$B:$B,$A18,'202612'!$D:$D) | I18: =SUMIF('202701'!$B:$B,$A18,'202701'!$D:$D) | J18: =SUMIF('202702'!$B:$B,$A18,'202702'!$D:$D) | K18: =SUMIF('202703'!$B:$B,$A18,'202703'!$D:$D) | L18: =SUMIF('202704'!$B:$B,$A18,'202704'!$D:$D) | M18: =SUMIF('202705'!$B:$B,$A18,'202705'!$D:$D) | N18: =SUM(B18:M18)
A19: 科目合計 | B19: =SUM(B2:B18) | C19: =SUM(C2:C18) | D19: =SUM(D2:D18) | E19: =SUM(E2:E18) | F19: =SUM(F2:F18) | G19: =SUM(G2:G18) | H19: =SUM(H2:H18) | I19: =SUM(I2:I18) | ... N19: =SUM(N2:N18)
A20: 支払総額（各月シートD列） | B20: =SUM('202606'!$D:$D) | C20: =SUM('202607'!$D:$D) | D20: =SUM('202608'!$D:$D) | E20: =SUM('202609'!$D:$D) | F20: =SUM('202610'!$D:$D) | G20: =SUM('202611'!$D:$D) | H20: =SUM('202612'!$D:$D) | I20: =SUM('202701'!$D:$D) | J20: =SUM('202702'!$D:$D) | K20: =SUM('202703'!$D:$D) | L20: =SUM('202704'!$D:$D) | M20: =SUM('202705'!$D:$D) | N20: =SUM(B20:M20)
A21: 差額（科目未入力チェック） | B21: =B20-B19 | C21: =C20-C19 | D21: =D20-D19 | E21: =E20-E19 | F21: =F20-F19 | G21: =G20-G19 | H21: =H20-H19 | I21: =I20-I19 | ... N21: =N20-N19
A23: ※ 各月シート（202606〜202705）のB列「科目」とD列「支払金額」から自動集計しています。
A24: ※ 行を追加するときは、各月シートの表の中（2行目以降）に入力してください。列全体を参照しているため何行でも集計されます。
A25: ※ B列の科目はこのシートのA列から選択できます。科目を増やすときはA列に追記し、上の合計式の範囲を広げてください。
A26: ※「差額」が0以外のときは、科目が未入力または表記ゆれの行があります。
A27: ※ 入金（収入）は集計対象外です。

Sheet 202606
A1: 日付 | B1: 科目 | C1: 摘要 | D1: 支払金額
A2: 46203 | B2: 雑費 | C2: 使用料 大広戸 | D2: 12000
A3: 46203 | B3: リース料 | C3: 車1台 泰光 | D3: 50000
A4: 46203 | B4: 賃借料 | C4: 本店 泰光 | D4: 100000
A5: 46203 | B5: 賃借料 | C5: 駐車場 泰光 | D5: 50000
A6: 46203 | B6: 雑費 | C6: カスミ 食品 | D6: 8212
A7: 46203 | B7: 接待交際費 | C7: カラオケ まねきねこ | D7: 13613
A8: 46203 | B8: 消耗品費 | C8: マルエツ ぞうきん | D8: 1094
A9: 46203 | B9: 消耗品費 | C9: マルエツ ぞうきん | D9: 1094
A10: 46203 | B10: 会議費 | C10: 魚菊 食事 | D10: 4300
A11: 46203 | B11: 通信費 | C11: レターパック | D11: 86000
A12: 46203 | B12: 旅費交通費 | C12: キップ | D12: 10000
A13: 46203 | B13: 消耗品費 | C13: 食洗機 | D13: 270600
... A18: 46203 | B18: 消耗品費 | C18: 備品 5台 | D18: 124333

Sheet 202607
A1: 日付 | B1: 科目 | C1: 摘要 | D1: 支払金額
B2: 接待交際費 | C2: おせいぼ カスミ | D2: 61492
B3: 賃借料 | C3: 本店 泰光 | D3: 100000
B4: リース料 | C4: 車1台 泰光 | D4: 50000
B5: 賃借料 | C5: 駐車場 泰光 | D5: 50000
B6: リース料 | C6: コンピューター リース | D6: 147000
B7: 通信費 | C7: レターパック | D7: 43000
B8: 租税公課 | C8: 印紙代 | D8: 10000
B9: 会議費 | C9: ちよだ 食事代 | D9: 3840
B10: 消耗品費 | C10: マルエツ ぞうきん | D10: 1094
B11: 接待交際費 | C11: 酒 みやげ レイク | D11: 5724
B12: 通信費 | C12: レターパック | D12: 43000
B13: 租税公課 | C13: 車 証明書 | D13: 200
... B26: 雑費 | C26: 本代 事業承継関連 | D26: 26230

Sheet 202608
A1: 日付 | B1: 科目 | C1: 摘要 | D1: 支払金額

Sheet 202609
A1: 日付 | B1: 科目 | C1: 摘要 | D1: 支払金額

Sheet 202610
A1: 日付 | B1: 科目 | C1: 摘要 | D1: 支払金額

Sheet 202611
A1: 日付 | B1: 科目 | C1: 摘要 | D1: 支払金額

Sheet 202612
A1: 日付 | B1: 科目 | C1: 摘要 | D1: 支払金額

Sheet 202701
A1: 日付 | B1: 科目 | C1: 摘要 | D1: 支払金額

Sheet 202702
A1: 日付 | B1: 科目 | C1: 摘要 | D1: 支払金額

Sheet 202703
A1: 日付 | B1: 科目 | C1: 摘要 | D1: 支払金額

Sheet 202704
A1: 日付 | B1: 科目 | C1: 摘要 | D1: 支払金額

Sheet 202705
A1: 日付 | B1: 科目 | C1: 摘要 | D1: 支払金額
